model,accuracy
Dense,0.33379998803138733
CNN,0.6934000253677368
